{"cameraMode":{"drawMode":0,"name":"Shaded","section":"Shading Mode"},"sceneLighting":true,"audioPlay":false,"sceneViewState":{"showFog":true,"showMaterialUpdate":false,"showSkybox":true,"showFlares":true,"showImageEffects":true,"showParticleSystems":true},"in2DMode":false,"pivot":{"x":0.5681445598602295,"y":0.4502124786376953,"z":0.6062393188476563},"rotation":{"x":-0.17400291562080384,"y":-0.007385503500699997,"z":0.0013050477718934417,"w":-0.9847166538238525},"size":6.299871444702148,"orthographic":true}