{"count":1,"self":14.244619199999999,"total":14.714645599999999,"children":{"AgentResetIfDone":{"count":561,"self":0.0049973,"total":0.0049973,"children":null},"AgentSendState":{"count":561,"self":0.0060044999999999994,"total":0.0100026,"children":{"CollectObservations":{"count":325,"self":0.0039981,"total":0.0039981,"children":null}}},"DecideAction":{"count":561,"self":0.32201019999999997,"total":0.32201019999999997,"children":null},"AcademyStep":{"count":561,"self":0.0060044,"total":0.0060044,"children":null},"AgentAct":{"count":561,"self":0.1240086,"total":0.1240086,"children":null}}}