{"count":1,"self":24.1862048,"total":25.2351478,"children":{"AgentResetIfDone":{"count":731,"self":0.008986,"total":0.008986,"children":null},"AgentSendState":{"count":731,"self":0.0129821,"total":0.018972,"children":{"CollectObservations":{"count":426,"self":0.0059898999999999994,"total":0.0059898999999999994,"children":null}}},"DecideAction":{"count":731,"self":0.8223986,"total":0.8223986,"children":null},"AcademyStep":{"count":731,"self":0.0089973,"total":0.0089973,"children":null},"AgentAct":{"count":730,"self":0.18759199999999998,"total":0.18759199999999998,"children":null}}}