{"count":1,"self":58.0927424,"total":61.5875111,"children":{"AgentResetIfDone":{"count":2795,"self":0.0129987,"total":0.0129987,"children":null},"AgentSendState":{"count":2795,"self":0.0359716,"total":0.0509673,"children":{"CollectObservations":{"count":1677,"self":0.014995699999999999,"total":0.014995699999999999,"children":null}}},"DecideAction":{"count":2795,"self":2.6976511999999997,"total":2.6976511999999997,"children":null},"AcademyStep":{"count":2795,"self":0.0120007,"total":0.0120007,"children":null},"AgentAct":{"count":2795,"self":0.71914899999999993,"total":0.71914899999999993,"children":null}}}