{"count":1,"self":6.6724552,"total":7.8576101,"children":{"AgentResetIfDone":{"count":171,"self":0.0020017,"total":0.0020017,"children":null},"AgentSendState":{"count":171,"self":0.0089996,"total":0.0160042,"children":{"CollectObservations":{"count":78,"self":0.0070046,"total":0.0070046,"children":null}}},"DecideAction":{"count":171,"self":0.29414589999999996,"total":0.29414589999999996,"children":null},"AcademyStep":{"count":171,"self":0.0010034,"total":0.0010034,"children":null},"AgentAct":{"count":171,"self":0.8699994,"total":0.8699994,"children":null}}}