{"count":1,"self":23.370279999999998,"total":35.0833277,"children":{"AgentResetIfDone":{"count":1126,"self":0.062874699999999992,"total":0.062874699999999992,"children":null},"AgentSendState":{"count":1126,"self":0.0559628,"total":0.07995229999999999,"children":{"CollectObservations":{"count":623,"self":0.0239895,"total":0.0239895,"children":null}}},"DecideAction":{"count":1126,"self":1.1772288,"total":1.1772288,"children":null},"AcademyStep":{"count":1126,"self":0.042970299999999996,"total":0.042970299999999996,"children":null},"AgentAct":{"count":1126,"self":10.344026399999999,"total":10.344026099999999,"children":null}}}