{"count":1,"self":422.2867712,"total":437.3391048,"children":{"AgentResetIfDone":{"count":3007,"self":0.038019399999999995,"total":0.038019399999999995,"children":null},"AgentSendState":{"count":3007,"self":0.0450256,"total":0.0729993,"children":{"CollectObservations":{"count":1754,"self":0.027973699999999997,"total":0.027973699999999997,"children":null}}},"DecideAction":{"count":3007,"self":1.9414627999999998,"total":1.9414628999999999,"children":null},"AcademyStep":{"count":3007,"self":0.0269695,"total":0.0269695,"children":null},"AgentAct":{"count":3007,"self":12.9698912,"total":12.9698911,"children":null}}}