{"count":1,"self":60.2719168,"total":65.6651905,"children":{"AgentResetIfDone":{"count":2743,"self":0.0085556,"total":0.0085556,"children":null},"AgentSendState":{"count":2743,"self":0.0140944,"total":0.0189166,"children":{"CollectObservations":{"count":1647,"self":0.0048222,"total":0.0048222,"children":null}}},"DecideAction":{"count":2743,"self":1.4795494999999999,"total":1.4795494999999999,"children":null},"AcademyStep":{"count":2743,"self":0.0078456,"total":0.0078456,"children":null},"AgentAct":{"count":2743,"self":3.8554695999999997,"total":3.8554695999999997,"children":null}}}