{"count":1,"self":109.70540799999999,"total":154.6194997,"children":{"AgentResetIfDone":{"count":6499,"self":0.1639216,"total":0.1639216,"children":null},"AgentSendState":{"count":6499,"self":0.1739282,"total":0.23292849999999998,"children":{"CollectObservations":{"count":3354,"self":0.0590003,"total":0.0590003,"children":null}}},"DecideAction":{"count":6499,"self":11.0963368,"total":11.096336599999999,"children":null},"AcademyStep":{"count":6499,"self":0.0960026,"total":0.0960026,"children":null},"AgentAct":{"count":6499,"self":33.318912,"total":33.3189105,"children":null}}}