{"count":1,"self":19.4636448,"total":20.252876699999998,"children":{"AgentResetIfDone":{"count":772,"self":0.0099861999999999989,"total":0.0099861999999999989,"children":null},"AgentSendState":{"count":772,"self":0.0090022,"total":0.016985899999999998,"children":{"CollectObservations":{"count":418,"self":0.0079837,"total":0.0079837,"children":null}}},"DecideAction":{"count":772,"self":0.7012375,"total":0.7012375,"children":null},"AcademyStep":{"count":772,"self":0.0020066,"total":0.0020066,"children":null},"AgentAct":{"count":772,"self":0.0570148,"total":0.0570148,"children":null}}}