{"count":1,"self":22.1919584,"total":25.3153658,"children":{"AgentResetIfDone":{"count":1008,"self":0.0060041,"total":0.0060041,"children":null},"AgentSendState":{"count":1008,"self":0.011007099999999999,"total":0.0190111,"children":{"CollectObservations":{"count":529,"self":0.008003999999999999,"total":0.008003999999999999,"children":null}}},"DecideAction":{"count":1008,"self":0.4730163,"total":0.4730163,"children":null},"AcademyStep":{"count":1008,"self":0.019004999999999998,"total":0.019004999999999998,"children":null},"AgentAct":{"count":1008,"self":2.6033678,"total":2.6033678,"children":null}}}