{"count":1,"self":535.9401472,"total":5327.249937,"children":{"AgentResetIfDone":{"count":34039,"self":0.2756762,"total":0.2756762,"children":null},"AgentSendState":{"count":34039,"self":0.767659,"total":0.9400227,"children":{"CollectObservations":{"count":17674,"self":0.17236369999999998,"total":0.17236369999999998,"children":null}}},"DecideAction":{"count":34039,"self":36.528208,"total":36.5282094,"children":null},"AcademyStep":{"count":34039,"self":0.44810669999999997,"total":0.44810669999999997,"children":null},"AgentAct":{"count":34039,"self":4753.0438656,"total":4753.0439566,"children":null}}}