{"count":1,"self":26.7426976,"total":27.376494599999997,"children":{"AgentResetIfDone":{"count":1115,"self":0.0050072,"total":0.0050072,"children":null},"AgentSendState":{"count":1115,"self":0.011001499999999999,"total":0.0170051,"children":{"CollectObservations":{"count":547,"self":0.0060035999999999996,"total":0.0060035999999999996,"children":null}}},"DecideAction":{"count":1115,"self":0.5327725,"total":0.5327725,"children":null},"AcademyStep":{"count":1115,"self":0.0060052,"total":0.0060052,"children":null},"AgentAct":{"count":1115,"self":0.071005199999999991,"total":0.071005199999999991,"children":null}}}