{"count":1,"self":3.4382976,"total":3.6164042,"children":{"AgentResetIfDone":{"count":81,"self":0.0010008,"total":0.0010008,"children":null},"AgentSendState":{"count":81,"self":0.0060041,"total":0.0090063,"children":{"CollectObservations":{"count":51,"self":0.0030022,"total":0.0030022,"children":null}}},"DecideAction":{"count":81,"self":0.141072,"total":0.141072,"children":null},"AcademyStep":{"count":81,"self":0.0010008999999999999,"total":0.0010008999999999999,"children":null},"AgentAct":{"count":81,"self":0.0240253,"total":0.0240253,"children":null}}}