{"count":1,"self":19.6473904,"total":20.955877899999997,"children":{"AgentResetIfDone":{"count":903,"self":0.00099739999999999985,"total":0.00099739999999999985,"children":null},"AgentSendState":{"count":903,"self":0.0117799,"total":0.0197209,"children":{"CollectObservations":{"count":754,"self":0.007941,"total":0.007941,"children":null}}},"DecideAction":{"count":903,"self":1.1871996,"total":1.1871996,"children":null},"AcademyStep":{"count":903,"self":0.0029903,"total":0.0029903,"children":null},"AgentAct":{"count":903,"self":0.078630999999999993,"total":0.078630999999999993,"children":null}}}