{"count":1,"self":128.36578559999998,"total":131.5568458,"children":{"AgentResetIfDone":{"count":3646,"self":0.0319633,"total":0.0319633,"children":null},"AgentSendState":{"count":3646,"self":0.0667511,"total":0.0877154,"children":{"CollectObservations":{"count":2187,"self":0.020964299999999998,"total":0.020964299999999998,"children":null}}},"DecideAction":{"count":3646,"self":2.0335308,"total":2.0335308,"children":null},"AcademyStep":{"count":3646,"self":0.1258869,"total":0.1258869,"children":null},"AgentAct":{"count":3639,"self":0.9089733,"total":0.9089733,"children":null}}}