{"count":1,"self":335.2633088,"total":4097.6767371999995,"children":{"AgentResetIfDone":{"count":18111,"self":0.30003189999999996,"total":0.30003189999999996,"children":null},"AgentSendState":{"count":18111,"self":0.37136349999999996,"total":0.5097908,"children":{"CollectObservations":{"count":9454,"self":0.1384273,"total":0.1384273,"children":null}}},"DecideAction":{"count":18111,"self":12.362125599999999,"total":12.3621254,"children":null},"AcademyStep":{"count":18111,"self":0.4253168,"total":0.4253168,"children":null},"AgentAct":{"count":18111,"self":3748.7271935999997,"total":3748.7273720999997,"children":null}}}